UIUX웹디자인(일러스트 포토샵),부산나래디자인학원,21/05/03~21/06/11,210503,210611,28일  총112시간,-,https://www.hrd.go.kr/hrdp/co/pcobo/PCOBO0100P.do?tracseId=AIG20210000313866&tracseTme=1&crseTracseSe=C0061&trainstCstmrId=500020051610#undefined,35.0998661,129.0369073
< 4차 산업 핵심인재 > 빅데이터 분석 전문가 인재 양성 과정,원광대학교산학협력단,21/05/03~21/06/28,210503,210628,38일  총190시간,-,https://www.hrd.go.kr/hrdp/co/pcobo/PCOBO0100P.do?tracseId=AIG20200000311877&tracseTme=1&crseTracseSe=C0061&trainstCstmrId=500020040484#undefined,35.9703446,126.9547563
컴활 2급 실기 & 전산회계 2급 취득 및 사무회계 능력 양성과정,원광대학교산학협력단,21/05/03~21/06/16,210503,210616,30일  총150시간,-,https://www.hrd.go.kr/hrdp/co/pcobo/PCOBO0100P.do?tracseId=AIG20200000311769&tracseTme=1&crseTracseSe=C0061&trainstCstmrId=500020040484#undefined,35.9703446,126.9547563
바리스타 2급 자격증 및 실무 양성과정,학교법인 숭실대학교 숭실호스피탈리티직업전문학교,21/05/03~21/06/01,210503,210601,20일  총120시간,-,https://www.hrd.go.kr/hrdp/co/pcobo/PCOBO0100P.do?tracseId=AIG20200000311207&tracseTme=1&crseTracseSe=C0061&trainstCstmrId=500020015511#undefined,37.4963111,126.9574596
공동주택(아파트)경리실무양성,한국아파트경리학원,21/05/03~21/05/31,210503,210531,19일  총120시간,68.2,https://www.hrd.go.kr/hrdp/co/pcobo/PCOBO0100P.do?tracseId=AIG20200000310771&tracseTme=3&crseTracseSe=C0061&trainstCstmrId=500020013380#undefined,37.6761688,126.74826
컴퓨터활용능력2급실기(엑셀기초활용  컴활2급),그린컴퓨터아카데미 부천,21/05/03~21/05/26,210503,210526,15일  총60시간,41.7,https://www.hrd.go.kr/hrdp/co/pcobo/PCOBO0100P.do?tracseId=AIG20200000310383&tracseTme=2&crseTracseSe=C0061&trainstCstmrId=500020046288#undefined,37.484442,126.7834507
전산세무회계 자격증(전산회계1급  전산세무2급),이젠컴퓨터학원,21/05/03~21/06/11,210503,210611,28일  총138시간,69.9,https://www.hrd.go.kr/hrdp/co/pcobo/PCOBO0100P.do?tracseId=AIG20200000309269&tracseTme=4&crseTracseSe=C0061&trainstCstmrId=500020025093#undefined,37.6557931,127.0624256
요양보호사 종일반,올인요양보호사교육원,21/05/03~21/07/23,210503,210723,50일  총240시간,-,https://www.hrd.go.kr/hrdp/co/pcobo/PCOBO0100P.do?tracseId=AIG20200000309194&tracseTme=3&crseTracseSe=C0061&trainstCstmrId=500033216225#undefined,37.5861473,127.0407062
법률사무원/로펌비서 취업과정,코세아학원,21/05/03~21/06/01,210503,210601,20일  총138시간,-,https://www.hrd.go.kr/hrdp/co/pcobo/PCOBO0100P.do?tracseId=AIG20200000306958&tracseTme=4&crseTracseSe=C0061&trainstCstmrId=500033352904#undefined,37.4947046,127.0119237
헤어디자이너 양성 실무과정,메리엔젤라 뷰티아카데미 미용학원,21/05/03~21/06/29,210503,210629,40일  총160시간,-,https://www.hrd.go.kr/hrdp/co/pcobo/PCOBO0100P.do?tracseId=AIG20200000306604&tracseTme=2&crseTracseSe=C0061&trainstCstmrId=500034518389#undefined,35.8586363,128.591105
지게차(굴삭기)운전자격증취득(필기/주간),울산중장비교육원,21/05/03~21/05/25,210503,210525,15일  총60시간,50.6,https://www.hrd.go.kr/hrdp/co/pcobo/PCOBO0100P.do?tracseId=AIG20200000305816&tracseTme=3&crseTracseSe=C0061&trainstCstmrId=500020014770#undefined,35.5350759,129.3063127
인테리어필름 입문자과정,수정인테리어기술병점학원,21/05/03~21/05/17,210503,210517,10일  총80시간,-,https://www.hrd.go.kr/hrdp/co/pcobo/PCOBO0100P.do?tracseId=AIG20200000305464&tracseTme=3&crseTracseSe=C0061&trainstCstmrId=500037002427#undefined,37.2064492,127.0366213
요양보호사 자격 취득과정,거제요양보호사교육원,21/05/03~21/07/26,210503,210726,67일  총240시간,44.7,https://www.hrd.go.kr/hrdp/co/pcobo/PCOBO0100P.do?tracseId=AIG20200000304646&tracseTme=4&crseTracseSe=C0061&trainstCstmrId=500020014789#undefined,34.8865014,128.626273
요양보호사 자격증취득(주간 야간),아름다운세상만들기요양보호사교육원,21/05/03~21/06/11,210503,210611,30일  총240시간,48.2,https://www.hrd.go.kr/hrdp/co/pcobo/PCOBO0100P.do?tracseId=AIG20200000303839&tracseTme=7&crseTracseSe=C0061&trainstCstmrId=500020019064#undefined,37.5503557,126.8670524
네일미용 실무과정,인천실용전문학교,21/05/03~21/06/04,210503,210604,23일  총138시간,65.4,https://www.hrd.go.kr/hrdp/co/pcobo/PCOBO0100P.do?tracseId=AIG20200000302508&tracseTme=2&crseTracseSe=C0061&trainstCstmrId=500020061911#undefined,37.4909875,126.7205714
요양보호사 자격 취득과정,빛나랑요양보호사교육원,21/05/03~21/07/31,210503,210731,68일  총240시간,-,https://www.hrd.go.kr/hrdp/co/pcobo/PCOBO0100P.do?tracseId=AIG20200000301240&tracseTme=2&crseTracseSe=C0061&trainstCstmrId=500035549384#undefined,37.5261775,126.804548
이용사 국가자격증 취득과정,시내코스평생교육원,21/05/03~21/08/16,210503,210816,74일  총220시간,-,https://www.hrd.go.kr/hrdp/co/pcobo/PCOBO0100P.do?tracseId=AIG20200000301132&tracseTme=2&crseTracseSe=C0061&trainstCstmrId=500037134292#undefined,37.4847082,126.87923
컴퓨터활용능력 1급(필기+실기) 자격증 취득,하이컴퓨터그래픽전산회계학원,21/05/03~21/06/08,210503,210608,25일  총100시간,49.4,https://www.hrd.go.kr/hrdp/co/pcobo/PCOBO0100P.do?tracseId=AIG20200000300519&tracseTme=1&crseTracseSe=C0061&trainstCstmrId=500020019063#undefined,37.3179032,126.8356354
컴퓨터활용능력1급자격증(실기),인천더조은컴퓨터아트학원,21/05/03~21/05/28,210503,210528,18일  총90시간,55.6,https://www.hrd.go.kr/hrdp/co/pcobo/PCOBO0100P.do?tracseId=AIG20200000300219&tracseTme=3&crseTracseSe=C0061&trainstCstmrId=500020037783#undefined,37.507846,126.7320431
제과제빵 기능사 자격 취득과정(이론 및 실기),행복한학원,21/05/03~21/07/12,210503,210712,49일  총196시간,-,https://www.hrd.go.kr/hrdp/co/pcobo/PCOBO0100P.do?tracseId=AIG20200000299426&tracseTme=3&crseTracseSe=C0061&trainstCstmrId=500020013488#undefined,37.5612647,126.8558686
한식조리기능사자격 취득과정(이론/실기),조해성요리학원,21/05/03~21/06/10,210503,210610,27일  총108시간,40.5,https://www.hrd.go.kr/hrdp/co/pcobo/PCOBO0100P.do?tracseId=AIG20200000299164&tracseTme=2&crseTracseSe=C0061&trainstCstmrId=500020025903#undefined,36.6330456,127.440525
건축캐드원 양성(AutoCAD & Sketchup),대화직업능력개발원,21/05/03~21/06/29,210503,210629,40일  총160시간,50,https://www.hrd.go.kr/hrdp/co/pcobo/PCOBO0100P.do?tracseId=AIG20200000298917&tracseTme=2&crseTracseSe=C0061&trainstCstmrId=500020025779#undefined,35.1880671,126.8985889
컴퓨터활용능력 2급(필기+실기),이지디자인컴퓨터학원,21/05/03~21/06/01,210503,210601,20일  총80시간,50.7,https://www.hrd.go.kr/hrdp/co/pcobo/PCOBO0100P.do?tracseId=AIG20200000298657&tracseTme=2&crseTracseSe=C0061&trainstCstmrId=500020054778#undefined,36.6348493,127.4577539
요양보호사 자격 취득과정,세종고운간호전문학원(부설 세종고운요양보호사 교육원),21/05/03~21/06/18,210503,210618,33일  총240시간,67.2,https://www.hrd.go.kr/hrdp/co/pcobo/PCOBO0100P.do?tracseId=AIG20200000298095&tracseTme=2&crseTracseSe=C0061&trainstCstmrId=500020057795#undefined,36.6019147,127.2965275
제과제빵자격증취득,봄뜰제과제빵학원,21/05/03~21/07/13,210503,210713,50일  총200시간,40.5,https://www.hrd.go.kr/hrdp/co/pcobo/PCOBO0100P.do?tracseId=AIG20200000297831&tracseTme=2&crseTracseSe=C0061&trainstCstmrId=500020043704#undefined,35.1039493,128.9732833
전산회계1급 + 전산세무2급 자격증,모현컴퓨터학원,21/05/03~21/07/09,210503,210709,48일  총180시간,50,https://www.hrd.go.kr/hrdp/co/pcobo/PCOBO0100P.do?tracseId=AIG20200000297629&tracseTme=1&crseTracseSe=C0061&trainstCstmrId=500020041467#undefined,37.3349569,127.2494774
병원코디네이터 실무과정,정연화의료서비스아카데미전문학원,21/05/03~21/05/27,210503,210527,20일  총120시간,47.5,https://www.hrd.go.kr/hrdp/co/pcobo/PCOBO0100P.do?tracseId=AIG20200000297366&tracseTme=2&crseTracseSe=C0061&trainstCstmrId=500020053146#undefined,35.1749484,129.0664255
전기기능사 취득과정[실기],안양대산전기기술학원,21/05/03~21/06/14,210503,210614,16일  총80시간,52.2,https://www.hrd.go.kr/hrdp/co/pcobo/PCOBO0100P.do?tracseId=AIG20200000296261&tracseTme=1&crseTracseSe=C0061&trainstCstmrId=500020027072#undefined,37.3978756,126.9229171
전산응용건축제도기능사 실기,동방디자인학원,21/05/03~21/06/02,210503,210602,21일  총132시간,54.2,https://www.hrd.go.kr/hrdp/co/pcobo/PCOBO0100P.do?tracseId=AIG20200000295682&tracseTme=1&crseTracseSe=C0061&trainstCstmrId=500020060840#undefined,37.4996862,127.0289534
회계실무자 양성과정(FAT1급+TAT2급),상아탑컴퓨터학원,21/05/03~21/07/15,210503,210715,42일  총161시간,66.7,https://www.hrd.go.kr/hrdp/co/pcobo/PCOBO0100P.do?tracseId=AIG20200000294983&tracseTme=2&crseTracseSe=C0061&trainstCstmrId=500020019296#undefined,37.2813341,127.4410815
전기기능사자격증취득과정(실기),제일전기직업전문학교,21/05/03~21/06/25,210503,210625,30일  총90시간,59.3,https://www.hrd.go.kr/hrdp/co/pcobo/PCOBO0100P.do?tracseId=AIG20200000294660&tracseTme=2&crseTracseSe=C0061&trainstCstmrId=500020025638#undefined,37.2662193,127.0023471
청소전문가양성과정(이론&실무),내일직업전문학원,21/05/03~21/06/23,210503,210623,36일  총139시간,58.5,https://www.hrd.go.kr/hrdp/co/pcobo/PCOBO0100P.do?tracseId=AIG20200000292726&tracseTme=4&crseTracseSe=C0061&trainstCstmrId=500034256434#undefined,36.3454918,127.3823544
인테리어목공 입문 및 건축목공기능사 자격증취득과정,가송인테리어목공기술학원,21/05/03~21/06/01,210503,210601,20일  총160시간,48.3,https://www.hrd.go.kr/hrdp/co/pcobo/PCOBO0100P.do?tracseId=AIG20200000292128&tracseTme=1&crseTracseSe=C0061&trainstCstmrId=500034147891#undefined,37.6359708,127.0733947
미용사(네일)국가자격증 취득과정,K뷰티실용아카데미,21/05/03~21/08/11,210503,210811,42일  총250시간,58.3,https://www.hrd.go.kr/hrdp/co/pcobo/PCOBO0100P.do?tracseId=AIG20200000291895&tracseTme=2&crseTracseSe=C0061&trainstCstmrId=500033961622#undefined,37.532774,126.650307
요양보호사자격증취득,김해사랑요양보호사교육원,21/05/03~21/06/11,210503,210611,30일  총240시간,60.7,https://www.hrd.go.kr/hrdp/co/pcobo/PCOBO0100P.do?tracseId=AIG20200000290968&tracseTme=1&crseTracseSe=C0061&trainstCstmrId=500020058840#undefined,35.2266703,128.8825238
전기기능사취득과정(필기+실기),빛고을전기학원,21/05/03~21/08/19,210503,210819,70일  총210시간,47.8,https://www.hrd.go.kr/hrdp/co/pcobo/PCOBO0100P.do?tracseId=AIG20200000290534&tracseTme=2&crseTracseSe=C0061&trainstCstmrId=500020048523#undefined,35.1296411,126.8863345
한식조리기능사자격증취득과정(이론+실기),전통외식조리직업전문학교,21/05/03~21/06/21,210503,210621,27일  총108시간,50.5,https://www.hrd.go.kr/hrdp/co/pcobo/PCOBO0100P.do?tracseId=AIG20200000290305&tracseTme=2&crseTracseSe=C0061&trainstCstmrId=500020043923#undefined,37.5043772,126.7702426
사무자동화(한글  엑셀  파워포인트)실무 초급  중급 양성과정,덕천미래컴퓨터학원,21/05/03~21/06/08,210503,210608,25일  총100시간,50.7,https://www.hrd.go.kr/hrdp/co/pcobo/PCOBO0100P.do?tracseId=AIG20200000289922&tracseTme=2&crseTracseSe=C0061&trainstCstmrId=500020014953#undefined,35.2111833,129.0085824
SCA 바리스타 Foundation 자격증 과정,남양주커피교육학원,21/05/03~21/06/01,210503,210601,20일  총60시간,-,https://www.hrd.go.kr/hrdp/co/pcobo/PCOBO0100P.do?tracseId=AIG20200000289763&tracseTme=5&crseTracseSe=C0061&trainstCstmrId=500036114083#undefined,37.6552217,127.2445701
제과제빵자격증취득과정(이론+실기),대구제과제빵커피학원,21/05/03~21/07/15,210503,210715,50일  총200시간,38,https://www.hrd.go.kr/hrdp/co/pcobo/PCOBO0100P.do?tracseId=AIG20200000289465&tracseTme=4&crseTracseSe=C0061&trainstCstmrId=500020019416#undefined,35.8641996,128.5970392
양식조리기능사취득,광산음식나라조리학원,21/05/03~21/06/15,210503,210615,30일  총105시간,42.4,https://www.hrd.go.kr/hrdp/co/pcobo/PCOBO0100P.do?tracseId=AIG20200000289319&tracseTme=3&crseTracseSe=C0061&trainstCstmrId=500020056126#undefined,35.1853446,126.8319776
전기기능사 자격증 실기과정,제일전기학원,21/05/03~21/06/24,210503,210624,30일  총90시간,51.3,https://www.hrd.go.kr/hrdp/co/pcobo/PCOBO0100P.do?tracseId=AIG20200000289105&tracseTme=2&crseTracseSe=C0061&trainstCstmrId=500020045604#undefined,37.464319,126.6782627
[과정평가형] 헤어 미용사(일반) 자격증 취득,인천직업전문학교,21/05/03~21/08/20,210503,210820,78일  총470시간,57.9,https://www.hrd.go.kr/hrdp/co/pcobo/PCOBO0100P.do?tracseId=AIG20200000288138&tracseTme=1&crseTracseSe=C0061&trainstCstmrId=500020060755#undefined,37.4749963,126.6524296
컴퓨터활용실무 및 국가공인ITQ자격증(한글 엑셀 파워포인트),태봉컴퓨터전산학원,21/05/03~21/07/29,210503,210729,50일  총150시간,-,https://www.hrd.go.kr/hrdp/co/pcobo/PCOBO0100P.do?tracseId=AIG20200000284610&tracseTme=2&crseTracseSe=C0061&trainstCstmrId=500020016742#undefined,35.176707,126.8890078
제과제빵기능사 취득과정,한국산업연수원충북직업전문학교(주),21/05/03~21/07/13,210503,210713,50일  총200시간,-,https://www.hrd.go.kr/hrdp/co/pcobo/PCOBO0100P.do?tracseId=AIG20200000283216&tracseTme=3&crseTracseSe=C0061&trainstCstmrId=500020055493#undefined,36.63763,127.4869763
생활원예 인테리어 DIY 향상과정,광양평생교육개발원,21/05/03~21/05/28,210503,210528,18일  총72시간,-,https://www.hrd.go.kr/hrdp/co/pcobo/PCOBO0100P.do?tracseId=AIG20200000282912&tracseTme=5&crseTracseSe=C0061&trainstCstmrId=500020025049#undefined,34.9417706,127.6858479
요양보호사 자격증 취득과정,우리요양보호사교육원,21/05/03~21/06/15,210503,210615,30일  총240시간,-,https://www.hrd.go.kr/hrdp/co/pcobo/PCOBO0100P.do?tracseId=AIG20200000281779&tracseTme=4&crseTracseSe=C0061&trainstCstmrId=500035537258#undefined,35.1514557,126.8953214
NCS비적용 요양보호사 자격 취득과정,일등요양보호사교육원,21/05/03~21/07/09,210503,210709,30일  총240시간,62.2,https://www.hrd.go.kr/hrdp/co/pcobo/PCOBO0100P.do?tracseId=AIG20200000279790&tracseTme=9&crseTracseSe=C0061&trainstCstmrId=500020028387#undefined,37.5017849,127.1407431
바리스타2급+커피지도사2급(브루잉) 자격취득과정,위례커피학원,21/05/03~21/06/08,210503,210608,25일  총100시간,50,https://www.hrd.go.kr/hrdp/co/pcobo/PCOBO0100P.do?tracseId=AIG20200000278997&tracseTme=1&crseTracseSe='C006&trainstCstmrId='50003403150#undefined,37.4638047,127.1401969
에너지관리기능사 취득(실기),성민열관리기술학원,21/05/03~21/06/18,210503,210618,30일  총90시간,48,https://www.hrd.go.kr/hrdp/co/pcobo/PCOBO0100P.do?tracseId=AIG20200000276982&tracseTme=3&crseTracseSe=C0061&trainstCstmrId=500020045130#undefined,37.5170877,126.9096474
제과제빵기능사 취득과정,(주)세일직업전문학교,21/05/03~21/06/18,210503,210618,33일  총198시간,45,https://www.hrd.go.kr/hrdp/co/pcobo/PCOBO0100P.do?tracseId=AIG20200000276141&tracseTme=4&crseTracseSe=C0061&trainstCstmrId=500020015138#undefined,36.8265377,127.1415119
전산회계 기초부터 전산세무2급,미래경영교육원,21/05/03~21/07/14,210503,210714,51일  총252시간,61.8,https://www.hrd.go.kr/hrdp/co/pcobo/PCOBO0100P.do?tracseId=AIG20200000275829&tracseTme=9&crseTracseSe=C0061&trainstCstmrId=500020056084#undefined,35.8706744,128.5943736
도배기능사자격취득(속성),다인직업전문학교,21/05/03~21/06/15,210503,210615,17일  총136시간,42,https://www.hrd.go.kr/hrdp/co/pcobo/PCOBO0100P.do?tracseId=AIG20200000275589&tracseTme=7&crseTracseSe=C0061&trainstCstmrId=500020015811#undefined,37.5241978,126.852765
컴퓨터활용능력 1급(필기/실기) 취득과정,래이컴퓨터아트학원,21/05/03~21/06/07,210503,210607,24일  총120시간,-,https://www.hrd.go.kr/hrdp/co/pcobo/PCOBO0100P.do?tracseId=AIG20200000274511&tracseTme=2&crseTracseSe=C0061&trainstCstmrId=500037090631#undefined,36.8224275,127.1584074
실무itq한글파워포인트엑셀&컴퓨터활용,남산컴퓨터학원,21/05/03~21/06/18,210503,210618,32일  총128시간,20,https://www.hrd.go.kr/hrdp/co/pcobo/PCOBO0100P.do?tracseId=AIG20200000273993&tracseTme=5&crseTracseSe=C0061&trainstCstmrId=500020016287#undefined,35.203386,129.0830224
전산세무회계자격증취득과정(전산회계2급 1급 전산세무2급),다파회계컴퓨터학원,21/05/03~21/07/01,210503,210701,42일  총168시간,35.8,https://www.hrd.go.kr/hrdp/co/pcobo/PCOBO0100P.do?tracseId=AIG20200000272925&tracseTme=6&crseTracseSe=C0061&trainstCstmrId=500020045234#undefined,35.5385227,129.3357557
한식자격증실기와 김치실무,한솔요리아카데미 강동,21/05/03~21/06/17,210503,210617,30일  총88시간,50.2,https://www.hrd.go.kr/hrdp/co/pcobo/PCOBO0100P.do?tracseId=AIG20190000259046&tracseTme=5&crseTracseSe=C0061&trainstCstmrId=500020030731#undefined,37.5392954,127.123066
중식조리기능사취득[이론+실기],부천조리직업전문학교,21/05/03~21/06/08,210503,210608,25일  총75시간,62.2,https://www.hrd.go.kr/hrdp/co/pcobo/PCOBO0100P.do?tracseId=AIG20190000258158&tracseTme=5&crseTracseSe=C0061&trainstCstmrId=500020023400#undefined,37.4869899,126.7763041
경리실무(전산회계1급 전산세무2급 TAT FAT) 자격취득 및 실무테크닉 (N2),강남 그린컴퓨터아카데미,21/05/03~21/07/16,210503,210716,53일  총210시간,62.3,https://www.hrd.go.kr/hrdp/co/pcobo/PCOBO0100P.do?tracseId=AIG20190000255064&tracseTme=6&crseTracseSe=C0061&trainstCstmrId=500020046871#undefined,37.5007689,127.0268353
헤어미용자격증취득과정,뷰티패션중앙직업전문학교,21/05/03~21/07/22,210503,210722,54일  총320시간,44.1,https://www.hrd.go.kr/hrdp/co/pcobo/PCOBO0100P.do?tracseId=AIG20190000250588&tracseTme=5&crseTracseSe=C0061&trainstCstmrId=500020013066#undefined,35.9416172,126.9475535
한식조리기능사 자격증 취득(이론+실기),거제요리전문학원,21/05/03~21/06/23,210503,210623,36일  총108시간,78.1,https://www.hrd.go.kr/hrdp/co/pcobo/PCOBO0100P.do?tracseId=AIG20190000249341&tracseTme=3&crseTracseSe=C0061&trainstCstmrId=500020047216#undefined,34.8891771,128.6221962
커피바리스타기초양성과정(2급 핸드드립 카페메뉴),한국호텔관광실용전문학교,21/05/03~21/07/13,210503,210713,50일  총150시간,68.3,https://www.hrd.go.kr/hrdp/co/pcobo/PCOBO0100P.do?tracseId=AIG20190000246117&tracseTme=1&crseTracseSe='C006&trainstCstmrId='50002001925#undefined,37.3170155,126.840934
CAD 캐드실무능력평가(CAT) 2급 자격증,남승화직업전문학교,21/05/03~21/06/08,210503,210608,25일  총100시간,52,https://www.hrd.go.kr/hrdp/co/pcobo/PCOBO0100P.do?tracseId=AIG20190000244504&tracseTme=1&crseTracseSe='C006&trainstCstmrId='50002002087#undefined,37.3436354,127.9562142
ITQ자격증취득(한글  엑셀  파워포인트),벽제중앙컴퓨터학원,21/05/03~21/06/29,210503,210629,40일  총120시간,70,https://www.hrd.go.kr/hrdp/co/pcobo/PCOBO0100P.do?tracseId=AIG20190000228673&tracseTme=1&crseTracseSe='C006&trainstCstmrId='50002005690#undefined,37.6885003,126.8649291
ITQ OA Master(한글  엑셀  파워포인트) 자격증 취득과정,덕천미래컴퓨터학원,21/05/03~21/06/08,210503,210608,25일  총100시간,50.7,https://www.hrd.go.kr/hrdp/co/pcobo/PCOBO0100P.do?tracseId=AIG20180000215616&tracseTme=1&crseTracseSe='C006&trainstCstmrId='50002001495#undefined,35.2111833,129.0085824
미용사(일반) 헤어자격증 취득,양산미래직업학교,21/05/03~21/07/19,210503,210719,54일  총320시간,27.3,https://www.hrd.go.kr/hrdp/co/pcobo/PCOBO0100P.do?tracseId=AIG20180000207489&tracseTme=5&crseTracseSe=C0061&trainstCstmrId=500020019302#undefined,35.338912,129.0287509
ITQ마스터(한글 엑셀 파워포인트)자격증 취득[사무자동화 OA활용],남승화직업전문학교,21/05/03~21/06/08,210503,210608,25일  총100시간,48.5,https://www.hrd.go.kr/hrdp/co/pcobo/PCOBO0100P.do?tracseId=AIG20180000191599&tracseTme=2&crseTracseSe='C006&trainstCstmrId='50002002087#undefined,37.3436354,127.9562142
(자동차엔진정비)자동차엔진정비기능사 자격증취득(이론+실기),경기직업전문학교,21/05/03~21/09/02,210503,210902,84일  총499시간,25.6,https://www.hrd.go.kr/hrdp/co/pcobo/PCOBO0100P.do?tracseId=AIG20200000289793&tracseTme=1&crseTracseSe=C0061&trainstCstmrId=500020044266#undefined,37.2622125,127.0037754
(외선공사)외선전공,재) 한영교육재단 한국전기직업전문학교,21/05/03~21/10/29,210503,211029,110일  총780시간,58.3,https://www.hrd.go.kr/hrdp/co/pcobo/PCOBO0100P.do?tracseId=AIG20200000297581&tracseTme=1&crseTracseSe=C0061&trainstCstmrId=500020062183#undefined,37.9420221,127.2812902
(물류관리)물류무역관리실무자양성,한국멀티캠퍼스학원(구.한국멀티캠퍼스직업전문학교),21/05/03~21/08/24,210503,210824,80일  총640시간,-,https://www.hrd.go.kr/hrdp/co/pcobo/PCOBO0100P.do?tracseId=AIG20200000302975&tracseTme=1&crseTracseSe=C0061&trainstCstmrId=500020050319#undefined,35.1709907,129.0693011
(스마트웹&콘텐츠개발)반응형 UI/UX 웹퍼블리셔 전문가 양성(BL) B,더조은컴퓨터아카데미,21/05/03~21/10/18,210503,211018,115일  총843시간,65,https://www.hrd.go.kr/hrdp/co/pcobo/PCOBO0100P.do?tracseId=AIG20200000273909&tracseTme=1&crseTracseSe=C0061&trainstCstmrId=500020036576#undefined,37.5016976,127.0252653
[디지털컨버전스]자바(JAVA) 안드로이드 웹 & 앱 개발자 B,이젠아카데미평생교육원,21/05/03~21/12/03,210503,211203,150일  총900시간,73.6,https://www.hrd.go.kr/hrdp/co/pcobo/PCOBO0100P.do?tracseId=AIG20200000278693&tracseTme=2&crseTracseSe=C0061&trainstCstmrId=500020050800#undefined,37.5025398,127.0248679
(파이프용접) 티그 파이프 용접,이니용접기술학원,21/05/03~21/08/27,210503,210827,83일  총640시간,51.4,https://www.hrd.go.kr/hrdp/co/pcobo/PCOBO0100P.do?tracseId=AIG20200000269259&tracseTme=1&crseTracseSe=C0061&trainstCstmrId=500020061268#undefined,35.8356229,128.7329706
게임그래픽 전문가 양성 심화,엔조이씨지(EnjoyCG),21/05/03~21/12/27,210503,211227,159일  총820시간,29,https://www.hrd.go.kr/hrdp/co/pcobo/PCOBO0100P.do?tracseId=AIG20200000297143&tracseTme=2&crseTracseSe=C0061&trainstCstmrId=500020031267#undefined,37.4946538,127.0305905
(태양광발전설비)태양광발전설비(내선공사및 원격보조 포함)(B),미래직업전문학교,21/05/03~21/09/29,210503,210929,101일  총768시간,75,https://www.hrd.go.kr/hrdp/co/pcobo/PCOBO0100P.do?tracseId=AIG20200000273957&tracseTme=1&crseTracseSe=C0061&trainstCstmrId=500020014425#undefined,35.1217275,129.044975
[과정평가형]전산응용기계제도기능사 과정,한독직업전문학교,21/05/03~21/09/07,210503,210907,86일  총600시간,81.8,https://www.hrd.go.kr/hrdp/co/pcobo/PCOBO0100P.do?tracseId=AIG20200000288593&tracseTme=1&crseTracseSe=C0061&trainstCstmrId=500020031016#undefined,35.2228328,128.6825963
웨어러블 기기를 활용한 스마트 캐포츠 패션디자인과정,서면미리벌직업전문학교,21/05/03~21/11/04,210503,211104,129일  총900시간,54.8,https://www.hrd.go.kr/hrdp/co/pcobo/PCOBO0100P.do?tracseId=AIG20200000290828&tracseTme=1&crseTracseSe=C0061&trainstCstmrId=500020012653#undefined,35.1556825,129.0615013
(디지털디자인) [비전공/초보자] 웹디자인&웹퍼블리셔 양성과정,그린컴퓨터아카데미 부천,21/05/03~21/09/30,210503,210930,95일  총760시간,69,https://www.hrd.go.kr/hrdp/co/pcobo/PCOBO0100P.do?tracseId=AIG20200000270210&tracseTme=2&crseTracseSe=C0061&trainstCstmrId=500020046288#undefined,37.484442,126.7834507
전기(산업)기사취득 (스마트과정),베스트전기학원,21/05/03~21/08/13,210503,210813,73일  총365시간,-,https://www.hrd.go.kr/hrdp/co/pcobo/PCOBO0100P.do?tracseId=AIG20210000314068&tracseTme=1&crseTracseSe=C0061&trainstCstmrId=500020055902#undefined,35.1549213,129.059495
파이썬 기초부터! 딥러닝과 머신러닝을 통한 인공지능(AI) 인재 양성 과정,원광대학교산학협력단,21/05/03~21/06/28,210503,210628,38일  총190시간,-,https://www.hrd.go.kr/hrdp/co/pcobo/PCOBO0100P.do?tracseId=AIG20200000311836&tracseTme=1&crseTracseSe=C0061&trainstCstmrId=500020040484#undefined,35.9703446,126.9547563
일반기계기사(필기+실기) 자격증 과정,원광대학교산학협력단,21/05/03~21/06/24,210503,210624,36일  총180시간,-,https://www.hrd.go.kr/hrdp/co/pcobo/PCOBO0100P.do?tracseId=AIG20200000311685&tracseTme=1&crseTracseSe=C0061&trainstCstmrId=500020040484#undefined,35.9703446,126.9547563
빅데이터 분석 활용을 위한 ! 빅데이터 전문가 양성과정,군산대학교 산학협력단,21/05/03~21/07/06,210503,210706,38일  총190시간,-,https://www.hrd.go.kr/hrdp/co/pcobo/PCOBO0100P.do?tracseId=AIG20200000310943&tracseTme=1&crseTracseSe=C0061&trainstCstmrId=500020011185#undefined,35.9460546,126.6821658
전산회계1급 + 컴퓨터활용능력2급 자격취득 과정,미래직업능력개발학원,21/05/03~21/07/01,210503,210701,40일  총200시간,-,https://www.hrd.go.kr/hrdp/co/pcobo/PCOBO0100P.do?tracseId=AIG20200000310551&tracseTme=2&crseTracseSe=C0061&trainstCstmrId=500020024764#undefined,34.8165431,126.4232699
사무 (e-Test + 컴활 2급 (실기)) 자격증 취득 과정,군산대학교 산학협력단,21/05/03~21/06/22,210503,210622,30일  총150시간,-,https://www.hrd.go.kr/hrdp/co/pcobo/PCOBO0100P.do?tracseId=AIG20200000310345&tracseTme=1&crseTracseSe=C0061&trainstCstmrId=500020011185#undefined,35.9460546,126.6821658
파이썬을 시작으로 딥러닝&머신러닝 개발까지 - 인공지능(AI) 입문과정,군산대학교 산학협력단,21/05/03~21/07/06,210503,210706,38일  총190시간,-,https://www.hrd.go.kr/hrdp/co/pcobo/PCOBO0100P.do?tracseId=AIG20200000310159&tracseTme=1&crseTracseSe=C0061&trainstCstmrId=500020011185#undefined,35.9460546,126.6821658
바리스타2급자격증취득(이론+실기)과정,명성요리제과제빵학원,21/05/03~21/06/18,210503,210618,33일  총99시간,-,https://www.hrd.go.kr/hrdp/co/pcobo/PCOBO0100P.do?tracseId=AIG20200000309514&tracseTme=5&crseTracseSe=C0061&trainstCstmrId=500020042323#undefined,35.3118661,129.0067729
한식조리기능사 자격취득(실무포함),효성직업능력개발원,21/05/03~21/07/20,210503,210720,53일  총159시간,62.5,https://www.hrd.go.kr/hrdp/co/pcobo/PCOBO0100P.do?tracseId=AIG20200000308495&tracseTme=3&crseTracseSe=C0061&trainstCstmrId=500020040959#undefined,35.8541659,128.5488876
보험총무사무원실무자양성,성동여성인력개발센터,21/05/03~21/06/29,210503,210629,40일  총160시간,-,https://www.hrd.go.kr/hrdp/co/pcobo/PCOBO0100P.do?tracseId=AIG20200000307377&tracseTme=2&crseTracseSe=C0061&trainstCstmrId=500020049027#undefined,37.5439529,127.0612048
병원코디네이터&상담실장 전문가양성과정 [NCS기반],한국종합교육원,21/05/03~21/06/07,210503,210607,24일  총120시간,68.1,https://www.hrd.go.kr/hrdp/co/pcobo/PCOBO0100P.do?tracseId=AIG20200000306626&tracseTme=8&crseTracseSe=C0061&trainstCstmrId=500034254851#undefined,37.5172363,127.0473248
요양보호사 자격 취득 과정,신탄진성모요양보호사교육원,21/05/03~21/06/15,210503,210615,30일  총240시간,35.7,https://www.hrd.go.kr/hrdp/co/pcobo/PCOBO0100P.do?tracseId=AIG20200000306590&tracseTme=1&crseTracseSe=C0061&trainstCstmrId=500020042504#undefined,36.4497122,127.4250443
한식조리기능사및양식조리기능사취득반,동구음식나라조리학원,21/05/03~21/07/15,210503,210715,52일  총198시간,34.4,https://www.hrd.go.kr/hrdp/co/pcobo/PCOBO0100P.do?tracseId=AIG20200000305448&tracseTme=2&crseTracseSe=C0061&trainstCstmrId=500020049517#undefined,35.8704795,128.691612
영상편집(프리미어프로+애프터이펙트)&유튜브크리에이터,중앙직업전문학교,21/05/03~21/08/17,210503,210817,75일  총300시간,-,https://www.hrd.go.kr/hrdp/co/pcobo/PCOBO0100P.do?tracseId=AIG20200000304405&tracseTme=2&crseTracseSe=C0061&trainstCstmrId=500020060661#undefined,37.4497426,126.7031969
요양보호사자격취득과정_사회복지사자격반,서일간호학원부설요양보호사교육원,21/05/03~21/05/16,210503,210516,11일  총50시간,63,https://www.hrd.go.kr/hrdp/co/pcobo/PCOBO0100P.do?tracseId=AIG20200000303835&tracseTme=2&crseTracseSe=C0061&trainstCstmrId=500020061357#undefined,36.778501,126.4619035
NCS 요양보호사 자격취득과정,행복요양보호사교육원,21/05/03~21/06/26,210503,210626,30일  총240시간,53.8,https://www.hrd.go.kr/hrdp/co/pcobo/PCOBO0100P.do?tracseId=AIG20200000302002&tracseTme=3&crseTracseSe=C0061&trainstCstmrId=500020046090#undefined,37.4555433,126.720694
요양보호사자격증과정,포항요양보호사교육원,21/05/03~21/06/15,210503,210615,30일  총240시간,44.2,https://www.hrd.go.kr/hrdp/co/pcobo/PCOBO0100P.do?tracseId=AIG20200000300950&tracseTme=3&crseTracseSe=C0061&trainstCstmrId=500020057816#undefined,36.0250408,129.3594326
제과제빵기능사 취득과정(실기),인천요리제빵학원,21/05/03~21/07/14,210503,210714,41일  총124시간,-,https://www.hrd.go.kr/hrdp/co/pcobo/PCOBO0100P.do?tracseId=AIG20200000300431&tracseTme=2&crseTracseSe=C0061&trainstCstmrId=500020046859#undefined,37.4574364,126.7145538
요양보호사 자격 취득과정,동해간호학원부설요양보호사교육원,21/05/03~21/08/02,210503,210802,37일  총240시간,90.9,https://www.hrd.go.kr/hrdp/co/pcobo/PCOBO0100P.do?tracseId=AIG20200000300164&tracseTme=5&crseTracseSe=C0061&trainstCstmrId=500035506364#undefined,37.5235016,129.1108218
